verb,count,per_million_words
look,1,10416.666666666666
sold,1,10416.666666666666
turn,1,10416.666666666666
lift,1,10416.666666666666
know,1,10416.666666666666
carry,1,10416.666666666666
think,1,10416.666666666666
